lite_id,lite_name,full_id,full_name
com.micm.edusprintlite,Edusprint Lite,com.micm.edusprintplus,Edusprint+
com.telite.android,Tournament Edition Lite,com.te.android,Tournament Edition
com.intellijoy.kids.math.lite,Kids Kindergarten Math Lite,com.intellijoy.kids.math,Kids Kindergarten Math
com.bkav.smarthomelite,Bkav SmartHome Lite,com.bkav.smarthome.ariel,Bkav SmartHome
gamepadtesterlite.saturday.chimera.com.gamepadtesterlite,GamePad Tester Lite,com.chimera.saturday.evogamepadtester,Gamepad Tester
com.haku.lite,Haku Lite,com.haku.live,Haku
com.otek.ivyword2000schlite,常春藤基础英文词汇 2250 Lite,com.otek.ivyword4500tch,"常春藤核心英文字彙, 正體中文版"
com.deeplimitlite,DeepLimit Lite,com.app.gps.deeplimit,DeepLimit GPS
me.livlite.android,Liv Lite,me.livx.android,Liv X - Mobile Banking UAE
jp.co.projapan.solitairel,Solitaire Victory Lite,jp.co.projapan.solitaire,Solitaire Victory: 100+ Games
com.jilr.radio,Jesus Is LORD Radio Lite,com.rdoji.jesusislordradio,JESUS IS LORD RADIO REVAMPED
com.lite.connect,Rointe Lite,com.droiders.android.rointeconnect,Rointe Connect
com.tencent.qqlivei18n.lite,WeTV Lite,com.tencent.qqlivei18n.us,Tencent Video
nl.cmascience.lite,Coach 7 Lite,nl.cmascience.Coach7,Coach 7
com.elimmedia.hymn.pp.lite,미가엘 찬양 반주기 피아노 (새/통일 찬송가) LITE,com.elimmedia.hymn.ph,미가엘 찬양 반주기 ( 새찬송가/통일찬송가 )
de.esymetric.rungps_lite,RunGPS Trainer Lite,de.esymetric.rungps_uv_full,RunGPS Trainer Full
org.bibliawhite.lite,Bíblia White Lite,org.bibliawhite.app,Bíblia White
com.MegaBit.SubliminalLite,Subliminal Messages Lite,com.MegaBit.Subliminal,Subliminal Messages Pro
com.schimera.webdavnavlite,WebDAV Navigator Lite,com.schimera.webdavnav,WebDAV Navigator
com.s.cleaner,AVG Cleaner Lite,com.avg.cleaner,AVG Cleaner – Storage Cleaner
com.p_soft.biorhythms.lite,Biorhythms Calculator Lite,com.p_soft.biorhythms,Personal Biorhythms Calculator
net.xnano.android.changemymac.lite,Change My Mac Lite,net.xnano.android.changemymac,Change My MAC - Spoof Wifi MAC
com.tuneit.tuneitlite,Tune!It Lite,com.tuneit.tuneit,Tune!It
com.gyokovsolutions.rhythmengineerlite,Rhythm Engineer Lite,com.gyokovsolutions.rhythmengineer,Rhythm Engineer
in.mohalla.sharechatlite,ShareChat Lite,in.mohalla.sharechat,ShareChat Trends Videos & Live
com.karrostech.parentportallite.android,Edulog Parent Portal Lite,com.karrostech.parentportal.android.prod,Edulog Parent Portal
dk.mochasoft.tn3270lite,Mocha TN3270 Lite,dk.mochasoft.tn3270,Mocha TN3270
com.virtexedge.chaoticworkshoplite,The Chaotic Workshop - Lite,com.virtexedge.chaoticworkshop,The Chaotic Workshop
com.resetgame.tankace,Tank Ace 1944 Lite,com.resetgame.tankace1944,Tank Ace 1944
com.dosecureme,Protect Me Lite,com.doprotectme,Protect Me
com.ubercab.uberlite,Uber Lite,com.ubercab,Uber - Request a ride
raccorder.app.lite,RACCORDER LITE,raccorder.app,RACCORDER
com.zaful_lite,ZAFUL Lite,com.zaful,ZAFUL - My Fashion Story
com.fuzzyhouse.FuzzyHouseLite,Fuzzy House LITE,com.fuzzyhouse.FuzzyHousePremium,Fuzzy House Premium
com.frozenape.tempolite,Metronome: Tempo Lite,com.frozenape.tempo,Metronome: Tempo
com.itech.conecalculatorlite,Cone Calculator Lite,com.itech.conecalculator,cone calculator
com.matcotools.smartearlite,MATCO TOOLS - SmartEAR LITE,com.matcotools.smartearL1,MATCO TOOLS - SmartEAR1
com.intellijoy.drawwithshapes.lite,Kids Draw with Shapes Lite,com.intellijoy.drawwithshapes,Kids Draw with Shapes
fr.tokata.jimi.guitar.lite,Jimi Guitar Lite,fr.tokata.jimi.guitar,Jimi Guitar
com.Sarepta.MyChild,My Child Lebensborn LITE,com.Sarepta.MyChildLebensborn,My Child Lebensborn
masih.vahida.walkietalkielite,Online Walkie Talkie Lite,masih.vahida.serverwalkietalkie,Online Walkie Talkie Pro PTT
com.facebook.lite,Facebook Lite,com.facebook.katana,Facebook
pl.idreams.potterylite,Let's Create! Pottery Lite,pl.idreams.pottery,Let's Create! Pottery
com.spotify.lite,Spotify Lite,com.spotify.music,Spotify: Music and Podcasts
org.cryptors.hackunalite,Hackuna Lite,org.cryptors.hackuna002,Hackuna - (Anti-Hack)
com.globalsat.tracker_lite,GPS Home Tracker Lite,com.globalsat.trackerpro,GPShome Tracker
com.starlitprosecuritylite,Pro Security Lite,com.starlitprosecurity,Pro Security
me.bluemail.lite,BlueMail Lite,me.bluemail.mail,Email Blue Mail - Calendar
com.live.honeylite,Honey Jar Lite,com.live.honey,Honey Jar - Voice Chat & Party
com.hobbyistsoftware.android.vlcremote_usfree,VLC Remote Lite,com.hobbyistsoftware.android.vlcremote_us,VLC Remote
com.quantum.softwareupdate.updateallapps.updatephone.phoneupdate,Update Software Latest Lite,app.quantum.supdate,Update Software Latest
com.realtechvr.brotherhood.lite,Brotherhood of Violence Ⅱ Lite,com.realtechvr.brotherhood,Brotherhood of Violence Ⅱ
com.obsidium.monkeymotelite,MonkeyMote Music Remote Lite,com.obsidium.monkeymote,MonkeyMote Music Remote
com.imense.imenseANPRlite,ANPReader Lite,com.imense.imenseANPRfull,ANPReader (full version)
com.braksoftware.HumanJapaneseIntermediateLite,Human Japanese Int. Lite,com.braksoftware.HumanJapaneseLite,Human Japanese Lite
de.indiworx.astroworxlite,AstroWorx Astrology LITE,de.indiworx.astroworx,Horoscopes Astrology AstroWorx
com.androidvilla.addwatermark.free,Add Watermark Lite,com.androidvilla.addwatermark,Add Watermark
com.acsoftware.accentlite,Accent Network Lite,com.acsoftware.accentpro,Accent Network
com.blinigames.lus_lite,Lovecrafts Untold Stories LITE,com.blinigames.lus,Lovecraft's Untold Stories
com.rhythm.hexise.safe.lite,Password Safe Lite,com.rhythm.hexise.safe,Password Safe
com.johnemulators.johngbalite,John GBA Lite,com.johnemulators.johngba,John GBA
com.vietydao.en.dienchanbqclite,Diện Chẩn EN Lite,com.vietydao.lite.dienchanbqc,Diện Chẩn BQC Lite
com.gmail.anolivetree.imageshrinklite,Image Shrink Lite,com.gmail.anolivetree,Image Shrink—Batch resize
com.ScanMyOpelLite.Main,ScanMyOpel Lite,com.ScanMyOpel.Main,ScanMyOpel
com.giraone.secretsafelite,Secret Safe Lite,com.giraone.secretsafefull,Secret Safe Password Manager
com.ppgps.lite,PPGpS Lite,com.ppgps.full,PPGpS
net.vostic.android,Lemo Lite,com.vostic.android,Lemo - Chill & Chat
pl.pw.btool.lite,bimmer-tool Lite,pl.pw.btool.expert,bimmer-tool
com.bigbluepixel.photomeasures.lite,Photo Measures Lite,com.bigbluepixel.photomeasures,Photo Measures
com.securityconceptsliteclient.android,Security Concepts Lite,com.secuirtyconceptspty.security_concepts,Security Concepts
com.proximabeta.mf.liteuamo,Arena Breakout Lite,com.proximabeta.mf.uamo,Arena Breakout: Realistic FPS
com.designsoftcr.tallerbikelite,Taller Bike Lite,com.designsoftcr.tallerbike,Taller Bike
com.dawn.mobile.brpo5aelite,BPRO5 AE Lite,com.dawnwin.OD186Cam,Brica BPRO5 AE3[S]
bd.com.robi.robilite,My Robi Lite,net.omobio.robisc,"My Robi - Offers, Usage, More"
com.amgtime.lite,AMGtime Lite,com.amgtime,AMGtime
com.wxtrends.wt360lite,wt360 Lite,com.ims.wt360weather,wt360 Pro
com.astragon.cs3lite,Construction Simulator 3 Lite,com.astragon.cs3,Construction Simulator 3
com.dingogames.tastyplanet1lite,Tasty Planet Lite,com.dingogames.tastyplanet4,Tasty Planet Forever
com.penpower.worldictionaryLite,Worldictionary Lite,com.penpower.worldictionary,Worldictionary
org.GodFootSteps.CAGLite,CAG Lite,org.godfootsteps.thechurchofalmightygod,The Church of Almighty God
com.mds.risikolite,MDS Risik Lite,com.mds.risiko,MDS Risik
com.cemex.attendance.lite,Cemex HRM Lite,com.cemexhrm.mobile,Cemex HRM
com.enthusiasticcoder.adsbflightmonitorlite,ADSB Flight Tracker Lite,com.enthusiasticcoder.adsbflightmonitor,ADSB Flight Tracker
com.nissandatascan.ndsiilite,NDSII Lite,com.nissandatascan.ndsii,NDSII
com.ntww.egatelite,eGate lite,com.ntww.ntsurveyapp,eGate
nl.homewizard.android.lite.plus,HomeWizard Lite,nl.homewizard.android.energy,HomeWizard Energy
com.code3apps.FireFighterLite,FireFighter Pocketbook Lite,com.code3apps.FireFighter,Firefighter Pocketbook
com.designsoftcr.talleralphalite,Taller Alpha Lite,com.designsoftcr.talleralpha,TallerAlpha
com.gyokovsolutions.multitrackengineerlite,Multitrack Engineer Lite,com.gyokovsolutions.multitrackengineer,Multitrack Engineer
com.SimaRobot.SimaAppLite,Sima Robot Lite,com.SimaRobot.SimaApp,SimaRobot
com.econz.timecardgpslite,Timecard GPS LITE,com.econz.app,Timecard GPS
au.edu.adelaide.myassist.lite,ASSIST Checkup Lite,au.edu.adelaide.myassist,ASSIST Checkup
com.hydraulicpumps_lite,Hydraulic Pumps - Lite,com.hydraulicpumps,Hydraulic Pumps
ua.pp.autoclicker.lite,Perfect Click Lite,com.kolodeev.perfectclick,Perfect Click Autoclicker
com.ss.android.ugc.tiktok.lite,TikTok Lite,com.zhiliaoapp.musically,TikTok
com.brochos.tizkor.sefira.lite,Sefira Reminders - Lite,com.brochos.tizkor.sefira.full,Sefira Reminders
com.statext.statisticsLite,Statistics Study Lite,com.statext.statistics,Statistics Study
org.worldbibleschool.wbslite.release,WBS Lite,org.worldbibleschool.fullapp,WBS
air.com.winterdust.jezzballclassiclite,JezzBall Classic Lite,air.com.winterdust.jezzballclassic,JezzBall Classic
com.instagram.lite,Instagram Lite,com.instagram.android,Instagram
com.cronoscopium.napochesslite,Napo Chess Lite,com.cronoscopium.napochess,Napo Chess
com.notdoppler.earntodielite,Earn to Die Lite,com.notdoppler.earntodie,Earn to Die
dk.logisoft.aircontrol,Air Control Lite,dk.logisoft.aircontrolfull,Air Control
com.dirgtrats.atcradar,Endless ATC Lite,com.dirgtrats.endlessatc,Endless ATC
com.dic.hi,English Hindi Dictionary Lite,com.dictionary.hi,English Hindi Dictionary
oxiwyle.allcountriessimulatorsecond,President Simulator Lite,gosoft.allcountriesprosimulatorsecond,President Simulator
com.boboshi.ikorkortmc.lite,iKörkort MC Lite,com.boboshi.ikorkortmc,iKörkort MC
uk.co.bookingonline.bcnlite,BCN Driver App Lite,uk.co.bookingonline.bcnpro,BCN Driver App Pro
se.joja.sidroid.event.lite,SI-Droid Event Lite,se.joja.sidroid.event.full,SI-Droid Event
vbaudio.vbanreceptorlite,VBAN Receptor Lite,vbaudio.vbanreceptor,VBAN Receptor
com.ntt.vlj.g.lite,OLD VLJ Grammar Lite,jp.co.nttls.vlj.g.b2,VLJ Grammar
com.intellijoy.android.reading.free,Kids Learn to Read Lite,com.intellijoy.android.reading,Kids Learn to Read
com.gyokovsolutions.drumsengineerlite,Drums Engineer Lite,com.gyokovsolutions.drumsengineer,Drums Engineer
com.codifi.jainam,Jainam Lite,com.wave.jainam,Jainam Pro 2.0
it.truefish.lite,TrueFish Lite,it.truefish.full,TrueFish
com.boboshi.jagarexamenlite,Jägarexamen Lite,com.boboshi.jagarexamen,Jägarexamen
com.epicor.podlite,Epicor Kinetic POD Lite,com.epicor.pod,Epicor Kinetic POD
com.boboshi.scubaexamlite,Scuba Exam Lite,com.boboshi.scubaexam,Scuba Exam
com.milky.lite,Girls Video Call - Milky Lite,com.milky.app,Milky - Live Video Chat
com.toshiba.dse.ebridge.acme.lite,e-BRIDGE Print & Capture Lite,com.toshiba.dse.ebridge.acme.paid,e-BRIDGE Print & Capture
com.hivebrain.andrewjohnson.relaxlite,Relax with Andrew Johnson Lite,com.hivebrain.andrewjohnson.relaxfree,Relax with Andrew Johnson Free
com.bontwui.plantelite,Medicinal plants lite,com.bontwui.plantesmedicinales,Medicinal Plants Identifier
ca.romi.lite,Romi Lite,ca.romi,Romi
com.yandex.browser.lite,Yandex Browser Lite,com.yandex.browser,Yandex Browser with Protect
com.nissandatascan.ndatascaniiilite,NDSIII Lite,com.nissandatascan.ndatascaniii,NDSIII
com.siddhisadhana.LehraBoxLite,Lehra Box Lite,com.siddhisadhana.LehraBox,Lehra Box
com.softlink.electriciantoolsLite,Electrician's Bible Lite,com.softlink.electriciantoolsNew,Electrician's Bible
com.bce.carinphone.lite,Car In Phone Lite,com.bce.carinphone,Car In Phone
com.LittleBerryGames.ForestStoryLite,Little Berry Forest 1 : Lite,com.LittleBerryGames.ForestStory,Little Berry Forest 1
com.siddhisadhana.LBComposerLite,Lehra Box Composer Lite,com.siddhisadhana.LBComposer,Lehra Box Composer
com.dlink.mydlink,mydlink Lite,com.dlink.mydlinkunified,mydlink
com.rfid4u.tmatlite,TagMatiks Asset Tracking Lite,com.rfid4u.tmat,TagMatiks Asset Tracking
com.blueline.signalchecklite,SignalCheck Lite,com.blueline.signalcheck,SignalCheck Pro
com.gyokovsolutions.gnetviewlite,G-NetView Lite,com.gyokovsolutions.gnetviewpro,G-NetView Pro
com.tinder.tinderlite,Tinder Lite,com.tinder,Tinder Dating App: Chat & Date
com.dalton.cryptohelperlite,Crypto Helper lite,com.dalton.cryptohelper,Crypto Helper
com.cp.tmslite,TrackMySchool - Lite,com.codepoint.trackmyschool.staff,TrackMySchool - Staff
com.mactools.smartearlite,Mac Tools - SmartEAR LITE,com.mactools.smartearL1,Mac Tools – SmartEAR 1
com.spirall.symulti_lite,Symulti Lite,com.spirall.symulti,Symulti
com.securecare,AI Security Lite,com.aisecurity,AI Security
com.hoi.lite,Hoi Lite,com.koin.live,Hoi
com.intellijoy.sightwords.lite,Kids Reading Sight Words Lite,com.intellijoy.sightwords,Kids Reading Sight Words
com.dotnetideas.chorechecklistlite,Chore Checklist - Lite,com.dotnetideas.chorechecklistfull,Chore Checklist
com.gyokovsolutions.soundsamplerlite,Sound Sampler Lite,com.gyokovsolutions.soundsampler,Sound Sampler
com.ronimusic.asdlite,Amazing Slow Downer Lite,com.ronimusic.asd,Amazing Slow Downer
com.sentechkorea.ketoscanlite,KETOSCAN LITE,com.sentechkorea.ketoscanmini,KETOSCAN
pl.transmobil.mobilegpslite,MobileGPS Lite,pl.transmobil.mobilegps,MobileGPS
com.resetgame.tarlite,Tank Ace Reloaded Lite,com.resetgame.tar,Tank Ace Reloaded
harkytech.dassistlite,Diyet Assist - Lite,dassist.harkytech.diyetassist,Diyet Assist
com.mactools.smartear3_Lite,Mac Tools - SmartEAR 3 Lite,com.mactools.smartearL3,Mac Tools - SmartEAR 3
com.gyokovsolutions.songengineerlite,Song Engineer Lite,com.gyokovsolutions.songengineer,Song Engineer
com.grofsoft.tripview.lite,TripView Lite,com.grofsoft.tripview,TripView
com.kicker.android.kickerulite,Kicker U Lite,com.kicker.android.kickeru,Kicker U
com.cv.RemittanceLiteApp,Alliance Cash2Home Lite,com.cv.RemittanceCordovaApp,Alliance Cash2Home
com.pramarg.vidyalekhalite,VidyaLekha Lite,com.pramarg.vidyalekha,VidyaLekha Parent App
com.teazel.crossword.cryptic.lite,Cryptic Crossword Lite,com.teazel.crossword.cryptic.full,Cryptic Crossword
com.bearcrow.AudioTilesLITE,AudioTiles LITE,com.bearcrow.AudioTiles,AudioTiles
com.tritoninteractive.remuda.lite,Remuda Lite,com.tritoninteractive.remuda,Remuda
com.theartofsignal.movingcompanion.lite,Moving Organizer Lite,com.theartofsignal.movingcompanion.pro,Moving Organizer Pro
com.nissandatascan.ndsilite,NDSI Lite,com.nissandatascan.ndsi,NDSI
com.hardyinfinity.bluelightfilter.lite,Bluelight Filter Lite,jp.ne.hardyinfinity.bluelightfilter.free,Bluelight Filter for Eye Care
com.display.light.TableLamp.lite,Screen Light Table Lamp Lite,com.display.light.TableLamp,Screen Light Table Lamp
com.domobile.applock.lite,AppLock Lite,com.domobile.applockwatcher,AppLock
de.fk.android.pushylite,Pushy LITE,de.fk.android.pushy,Pushy
cz.skodaauto.connectlite,ŠKODA Connect LITE,com.icomvision.skodamediaservices,Škoda Media Room
com.sterling.ireap,Cashier & Stock IREAP POS LITE,com.sterling.ireappro,Cashier/POS & Stock IReap PRO
com.sebby.reblite,Rebaixados Elite Brasil Lite,com.sebby.rebaixadoselitebrasil,Rebaixados Elite Brasil
com.nationalcomfortinstitute.comfortmaxx.airmaxxlite,AirMaxx Lite,com.nationalcomfortinstitute.comfortmaxx.airmaxx,AirMaxx
com.mojodigi.khulasaNewsLite,Khulasa News Lite,com.mojodigi.khulasanews,"Khulasa News - Latest News, Li"
fr.tokata.jimi.tabs.lite,Jimi Tutor Lite,fr.tokata.jimi.tabs,Jimi Tutor
ccc.bible.lesson.lite,CCC BIBLE LESSON - LITE,ccc.Bible.Lesson,CCC Bible Lessons
de.volzconsulting.lite,BPO Lite,de.volzconsulting.live,BPO Live
com.mhi.mhilite,MHI Lite,com.mhi.mhilitev2,MHI Lite 2.0
com.tlcm.auto_brightness_lite,Screen Brightness Control Lite,com.tlcm.auto_brightness,Screen Brightness Control
com.asobimo.avabel_lite,AVABEL LITE,com.asobimo.avabel_gp_b3,Avabel Online -Tower of Bonds-
com.mecofinder.mecofinderlite,Mecofinder Lite,com.mecofinder.app,Mecofinder
com.ntt.vlj.v.lite,OLD VLJ Words Lite,jp.co.nttls.vlj.g.b2,VLJ Grammar
com.A3dlogical.A3dparqueslite,3D Parqués Lite,air.com.A3dlogical.A3dparques,3D Parqués
es.virtualcode.musictutor.sightread_lite,Music Tutor Sight Read Lite,es.virtualcode.musictutor.sightread,Music Tutor Sight Read
com.amparosoft.lickjungle.bluesconcepts.lite,Blues Guitar Soloist Lite,com.amparosoft.lickjungle.bluesconcepts,Blues Guitar Soloist
com.melodycats.basscatlite,BASS CAT LITE,com.stockmusicboutique.basscat,BASS CAT
com.stoik.mdscanlite,MDScan Lite,com.stoik.mdscan,MDScan + OCR
umito.android.keychord_lite,KeyChord Lite,umito.android.keychord,KeyChord - Piano Chords/Scales
com.quaray.screenonpc.lite,ScreenOnPC Lite,com.quaray.screenonpcviewer,ScreenOnPC Viewer
com.app.hider.master.lite,App Hider Lite,com.app.calculator.vault.hider,Calculator Vault : App Hider
dk.mochasoft.telnetlite,Mocha Telnet Lite,dk.mochasoft.telnet,Mocha Telnet
cn.wps.moffice_i18n,WPS Office Lite,cn.wps.moffice_eng,"WPS Office-PDF,Word,Sheet,PPT"
it.glucolog.lite,Glucolog Lite,it.healthcare.glucologt3,GlucoLog T3
com.chinsoft.ChineseLunarCalendarLite,Chinsoft Lunar Calendar LITE,com.chinsoft.ChineseLunarCalendar,Chinsoft Lunar Calendar
com.particlenews.newsbreaklite,NewsBreak Lite,com.particlenews.newsbreak,NewsBreak: Local News & Alerts
com.astragon.constructionsim2uslt,Construction Simulator 2 Lite,com.astragon.cs2016,Construction Simulator 2
com.ridevision.rider.lite,Ride Vision Lite,com.ridevision.rider,Ride Vision Pro
th.co.gofive.empeo.lite,empeo Lite,th.co.gofive.empeo,empeo
com.olimsoft.android.oplayer,Video Player - OPlayer Lite,com.olimsoft.android.oplayer.pro,Video Player - OPlayer
com.yrfree.b2c.eviidassistlite,Eviid Assist Lite,com.yrfree.eviidprofessional,Eviid Professional
com.tencent.iglite,PUBG MOBILE LITE,com.tencent.ig,PUBG MOBILE
ru.freecode.lite,Archmage lite,ru.freecode,Archmage
com.resetgame.par72golfhdlite,Par 72 Golf HD Lite,com.resetgame.par72golf4,Par 72 Golf IV
com.qib.lite,QIB Lite,com.pozitron.qib,QIB Mobile
com.xrayusa.iradtechlite,iRadTech Lite,com.xrayusa.iradtech,iRadTech
gps.com.gpsearch.sightlite,GPS Sight Lite,com.gpsearch.gpsSight,GPS Sight
com.atlasv.android.speedtest.lite,Wifi Speed Test Master lite,com.internet.speedtest.check.wifi.meter,Speed test - Speed Test Master
com.nickobrennan.pocketgrib.free,PocketGrib Lite,com.nickobrennan.pocketgrib,PocketGrib
com.flashlight.lite.gps.logger,Ultra GPS Logger Lite,com.flashlight.ultra.gps.logger,Ultra GPS Logger
br.songbom.randonsortelite.free,Loterias Random Sorte Lite,br.songbom.randonsorte.loterias,Loterias Random Sorte
com.destiny.dmlite,Destiny Mobile Lite,com.destiny.app,Destiny Mobile
com.zapfacil_lite,Zip Fácil - Lite,com.zapfacil,Zip Fácil
com.robtopx.geometryjumplite,Geometry Dash Lite,com.robtopx.geometryjump,Geometry Dash
com.intellijoy.abc.trains.lite,Kids ABC Trains Lite,com.intellijoy.abc.trains,Kids ABC Trains
com.tactustherapy.languagetherapy.lite,Language Therapy Lite,com.tactustherapy.languagetherapy,Language Therapy: Aphasia
com.hssn.anatomyfree,Visual Anatomy Lite,com.hssn.anatomy,Visual Anatomy
com.sovworks.edslite,EDS Lite,com.sovworks.eds.android,EDS
com.braksoftware.HumanJapaneseLite,Human Japanese Lite,com.braksoftware.HumanJapanese,Human Japanese
com.novasa.bestbikingroads.lite,Best Biking Roads Lite,com.novasa.bestbikingroads,Best Biking Roads
hb.doom_and_destiny_free,Doom & Destiny Lite,hb.doom_and_destiny_advanced,Doom & Destiny Advanced
com.raus.i_m_going_home.lite,"voice navigator ""IGH"" LITE",com.raus.i_m_going_home.pro,"PRO Voice Navigator ""IGH"""
air.com.RustyLake.ThePastWithinLite,The Past Within Lite,com.RustyLake.ThePastWithin,The Past Within
com.ratana.sunsurveyorlite,Sun Surveyor Lite,com.ratana.sunsurveyor,Sun Surveyor (Sun & Moon)
com.chordbot.demo.gui,Chordbot Lite,com.chordbot,Chordbot
age.of.civilizations2.jakowski.lukasz.lite,Age of History II - Lite,age.of.civilizations2.jakowski.lukasz,Age of History II
free.vpn.unblock.fast.proxy.vpn.master.pro.lite,Secure VPN Proxy Master Lite,free.vpn.unblock.proxy.vpn.master.pro,VPN Proxy Master - Safer Vpn
com.kpixgames.PathPixLite,PathPix Lite,com.kpixgames.PathPixZen,PathPix Zen
com.androidgamesbr.carrossocadosbrnoads,Carros Socados BR Lite,com.cauaplays.carrossocados,Carros Socados Brasil
com.litatom.lite,Litmatch Lite,com.litatom.app,Litmatch—Make new friends
com.rideon.sakaba_eng_free,Adventure Bar Story LITE,com.rideon.sakaba_eng,Adventure Bar Story
com.resetgame.vegaspool,Vegas Pool Sharks Lite,com.resetgame.vegaspoolsharks,Vegas Pool Sharks
br.com.rondel.mobitraxx.lite,Mobitraxx LITE,br.com.rondel.mobitraxx.pro,Mobitraxx PRO
com.ristekmuslim.kamusarabindolite,Kamus Arab Indonesia Lite,com.ristekmuslim.kamusarabindo,Kamus Arab Indonesia
com.pinterest.twa,Pinterest Lite,com.pinterest,Pinterest
fm.gaa_scores.lite,GAA Scores Stats Lite,fm.gaa_scores.plus,GAA Scores Stats Plus
ru.tensor.saby.lite,Saby Lite,ru.tensor.sbis.droid.saby,Saby
com.octoze.camu.mycamuapp,MyCamu Lite,com.octoze.mycamu_web_lite,MyCamu - Students & Parents
org.aka.lite,aka lite,org.aka.messenger,aka
com.herogame.gplay.survival.lite,Last Island of Survival LITE,com.herogame.gplay.lastdayrulessurvival,Last Island of Survival
com.johnemulators.johngbclite,John GBC Lite,com.johnemulators.johngbc,John GBC
com.whizpool.ezyvideowatermarklite,eZy Watermark Videos Lite,com.whizpool.ezywatermarklite,eZy Watermark Photos Lite
air.com.RustyLake.UndergroundBlossomLite,Underground Blossom Lite,air.com.RustyLake.UndergroundBlossom,Underground Blossom
com.racergame.cityracinglite.free,City Racing Lite,com.racergame.cityracing3d,City Racing 3D
com.otek.ivyword2000tchlite,常春藤基礎英文字彙 Lite,com.otek.ivyword2000tch,"常春藤基礎英文字彙, 正體中文版"
org.vidogram.lite,Vidogram Lite,org.vidogram.messenger,Vidogram
com.generalcomp.sighthd,SightHD Lite,com.atomslabs.sighthd,ALC SightHD
com.readom.lite,Readom Lite,com.oversea.readom,Readom - Where Story Shines
com.gyokovsolutions.videoboardlite,Video Board Lite,com.gyokovsolutions.videoboard,Video Board
com.orangeorapple.flashcardslite,Flashcards Deluxe Lite,com.orangeorapple.flashcards,Flashcards Deluxe
com.boboshi.ikorkortlite,iKörkort Lite,com.boboshi.ikorkort,iKörkort
com.gyokovsolutions.lyricsengineerlite,Lyrics Engineer Lite,com.gyokovsolutions.lyricsengineer,Lyrics Engineer
com.intellijoy.sorting.lite,Kids Learn to Sort Lite,com.intellijoy.sorting,Kids Learn to Sort
com.eterno.shortvideos.lite,Josh Lite : Live Calls & Chat,com.eterno.shortvideos,Josh - Live Calls & Chat
com.fruitmobile.app.btexplorer.lite,Bluetooth Explorer Lite,com.fruitmobile.app.btexplorer,Bluetooth File Explorer
com.orbit.orbitsmarthome.lite,bhyve lite,com.orbit.orbitsmarthome,B-hyve
sg.bigo.live.lite,BIGO LIVE Lite – Live Stream,sg.bigo.live,Bigo Live - Live Streaming App
com.next.innovation.takatak.lite,MX Takatak Lite,com.next.innovation.takatak,MojLive: Live Video & Chat
in.mohalla.video.lite,Moj Lite,in.mohalla.video,Moj: Video Live & Short Videos
com.mhealth.manadr.lite,MaNaDr Lite,com.mhealth.manadr,MaNaDr for Patient
com.degoo.android.lite,Degoo Lite: 20 GB Cloud Drive,com.degoo.android,Degoo: 20 GB Cloud Storage
com.intellijoy.shapes2.lite,Kids Learn Shapes 2 Lite,com.intellijoy.shapes2,Kids Learn Shapes 2
com.blogspot.diannaoxiaobai.skyshot.lite,Sky Shot Lite (Screenshot),com.blogspot.diannaoxiaobai.skyshot,Sky Shot (Screenshot)
com.michatapp.im.lite,"MiChat Lite-Chat, Make Friends",com.michatapp.im,"MiChat - Chat, Make Friends"
com.amparosoft.modernrockfusion.lite,Jazz Rock Guitar Lite,com.amparosoft.modernrockfusion,Jazz Rock Guitar
fr.webrox.shredguitarlessons.lite,Guitar Solo SHRED VIDEOS LITE,fr.webrox.shredguitarlessons,Guitar Solo SHRED HD VIDEOS
fr.webrox.bluesguitarlessons.lite,Blues Guitar Method Lite,fr.webrox.bluesguitarlessons,Blues Guitar Method
fr.webrox.bestbasslessons.lite,Bass lessons newbie VIDEO LITE,fr.webrox.bestbasslessons,Bass beginner lessons HD VIDEO
com.internet.speed.meter.lite,Internet Speed Meter Lite,com.internet.speed.meter,Internet Speed Meter
tv.hinow.mobile.lite,Hinow Lite - Live Video Chat,tv.hinow.mobile,Hinow - Private Video Chat
net.defensezone.lite,Defense Zone HD Lite,net.defensezone,Defense Zone HD
de.klassikradio.app.lite,Klassik Radio Lite,de.klassikradio.app,Beats Radio & Klassik Radio
com.xv.joychat.lite,Joychat Lite - Video Call,com.xv.joychat,JoyChat
ly.omegle.android.lite,Omega Lite,ly.omegle.android,Omega - Live video call & chat
videoeditor.videorecorder.screenrecorder.lite,Screen Recorder - XRec Lite,videoeditor.videorecorder.screenrecorder,Screen Recorder - XRecorder
com.islambook.lite,Islambook Lite,com.islambook,Islambook
com.itrack.lite,iTrack Wildlife Lite,com.itrack,itrack Property
com.MattEdzenga.BlastZone2.lite,BlastZone 2 Lite ArcadeShooter,com.MattEdzenga.BlastZone2,BlastZone 2: Arcade Shooter
mobi.mangatoon.comics.aphone.lite,MangaToon Lite - Good comics,mobi.mangatoon.comics.aphone,MangaToon: Comic & Manga
free.vpn.unblock.proxy.turbovpn.lite,Turbo VPN Lite - VPN Proxy,free.vpn.unblock.proxy.turbovpn,Turbo VPN - Secure VPN Proxy
com.sunnysidesoft.VirtualTablet.lite,VirtualTablet Lite (S-Pen),com.sunnysidesoft.VirtualTablet,VirtualTablet (S-Pen)
com.xb.topnews.lite,VN Ngày Nay Lite - Đọc báo onl,com.xb.topnews,VN Ngày Nay - Đọc báo online
fr.webrox.bestguitarlessons2.lite,Guitar Lessons Beginner 2 LITE,fr.webrox.bestguitarlessons2,Guitar Lessons Beginners #2
com.alienai.chordlab.lite,ChordLab Lite: Smart AI Chords,com.alienai.chordlab,ChordLab: A.I. Anything-Chords
app.webserveis.appmanager.lite,App Manager Lite,app.webserveis.appmanager,App Manager
com.nightboost.kids.animals.lite,Kids Learn about Animals Lite,com.nightboost.kids.animals,Kids Learn about  Animals
udk.android.reader.lite,ezPDF Reader Lite for PDF View,udk.android.reader,ezPDF Reader PDF Annotate Form
com.penpower.bcr.worldcard.korean.lite,WorldCard Mobile Lite - 명함리더기,com.penpower.bcr.worldcard.korean,WorldCard Mobile-명함리더기 및 명함스캐너
org.ibeccato.photoczip.lite,Photoczip Lite Compress Image,org.ibeccato.photoczip,Photoczip - compress resize
bestboy.soundcontrol.lite,Best Boy Sound Control Lite,bestboy.soundcontrol,BestBoy Sound Control
com.ftpcafe.satfinder.lite,SatFinder Lite - TV Satellites,com.ftpcafe.satfinder,SatFinder - Find TV Satellites
com.alohamobile.browser.lite,Aloha Browser Lite - Fast VPN,com.alohamobile.browser,Aloha Browser (Beta)
com.outfit7.mytalkingtom2.lite,My Talking Tom 2 Lite,com.outfit7.mytalkingtom2,My Talking Tom 2
com.ibm.events.android.wimbledon.lite,"The Championships, Wimbledon Lite 2019",com.ibm.events.android.wimbledon,Wimbledon 2024
com.official.electronics.lite,Электроник Lite,com.official.electronics,Электроник
com.galaxylab.ss.lite,Galaxy VPN Lite: Private Net,com.galaxylab.ss,Galaxy VPN - Unlimited Proxy
com.heyy.messenger.launch.lite,2Space Lite,com.heyy.messenger.launch,2Space - Multiple Accounts
com.azip.unrar.unzip.extractfile.lite,"AZIP Lite & ZIP / RAR, Unzip",com.azip.unrar.unzip.extractfile,"AZIP Master: ZIP / RAR, Unzip"
com.pragma.speeddial.lite,Speed Dial Lite,com.pragma.speeddial,Speed Dial Pro Max
com.app.hider.master.dual.app.lite,Dual App Lite,com.app.hider.master.dual.app,Dual App - Multiple Accounts
com.wejoy.weplay.lite,WePlay Lite - Game & Party,com.wejoy.weplay,WePlay - Party Game & Chat
com.ilite.webtopdf.lite,Web to PDF Converter - Lite,com.ilite.webtopdf,Web to PDF Converter
com.privacyspace.hideapps.socialspace.lite,Hide Apps Space Lite,com.privacyspace.hideapps.socialspace,Hide Apps icon: App Hider
com.upst.hayu.lite,hayu lite,com.upst.hayu,Hayu - Watch Reality TV
com.shmoontz.commboards.lite,CommBoards Lite AAC Assistant,com.shmoontz.commboards,CommBoards AAC Assistant
com.ilite.pdfconverter.pdftoimage.lite,PDF to Image Converter - Lite,com.ilite.pdfconverter.pdftoimage,PDF Converter - PDF to Image
net.defensezone2.lite,Defense Zone 2 HD Lite,net.defensezone2,Defense Zone 2 HD
biblia.reinavalera.lite,Biblia Reina Valera Lite,biblia.reinavalera,Biblia Reina Valera (RV)
com.ludo.master.hippo.lite,Ludo Master™ Lite - Dice Game,com.ludo.master.hippo,Ludo Master™ - Ludo Board Game
es.virtualcode.musictutor.fretmaster.lite,Music Tutor Fret Master Lite,es.virtualcode.musictutor.fretmaster,Music Tutor Fret Master
lk.bhasha.helakuru.lite,Helakuru Lite - Keyboard Only,lk.bhasha.helakuru,Helakuru Superapp - Sri Lanka
com.oyunpark.okeylite,Okey Lite,com.oyunpark.okey,OyunPark Okey Online
com.anahoret.android.colors.lite,Kids Learn Colors Lite,com.anahoret.android.colors,Kids Learn Colors
net.chobin.android.psdxlite,PORTABLE SOCCER DX Lite,net.chobin.android.psdx,PORTABLE SOCCER DX
com.e7.airsensmouselite,Air Sens Mouse LITE,com.e7.airsensmouse,Air Sens Mouse
com.gyokovsolutions.bassengineerlite,Bass Engineer Lite,com.gyokovsolutions.bassengineer,Bass Engineer
at.android.speeddiallite,Speed Dial Lite,at.android.speeddial,Speed Dial
fr.webrox.bestguitarlessons.lite,Guitar Lessons Beginners LITE,fr.webrox.bestguitarlessons,Guitar Lessons Beginners
com.cooperl.csuite.passporclite.mobile,Pass'Porc Lite,com.cooperl.csuite.passporc.mobile,Pass'Porc
spinninghead.talkingstopwatchlite,Ultrachron Stopwatch Lite,spinninghead.talkingstopwatch,Ultrachron Stopwatch & Timer
com.melodycats.earcatlite,Ear Cat Lite,com.melodycats.earcat,Ear Cat - Music Ear Training
it.rortos.f18carrierlandinglite,F18 Carrier Landing Lite,it.rortos.f18carrierlanding,F18 Carrier Landing
com.molatra.pinyintrainerlite,Chinese Pinyin Trainer Lite,com.molatra.pinyintrainer,Chinese Pinyin Trainer
com.molatra.chineselistenerlite,Chinese Audio Trainer Lite,com.molatra.chineselistener,Chinese Audio Trainer
ru.vaamelin.ffconfig3lite,FFConfig 3 Lite,ru.vaamelin.ffconfig3,FFConfig 3
pl.focustelecom.focusmobilelite,Focus Mobile Lite,pl.focustelecom.focusmobile,Focus Mobile
ghelli.org.ricercacuscinettilite,Search bearings Lite,ghelli.org.ricercacuscinetti,Search bearings Pro
com.cronoscopium.cattareversilite,Catta Reversi Lite,com.cronoscopium.cattareversi,Catta Reversi
com.fischerklasgmail.trigometricslite,Trigonometrics LITE,com.fischerklasgmail.trigometrics,Trigonometrics
ch.saduino.apps.wapsrflite,Wap lite,ch.saduino.apps.wapsrf,Wap
com.gyokovsolutions.poetlite,Poet Lite,com.gyokovsolutions.poet,Poet
uit.quocnguyen.autoclickerlite,Auto Clicker Lite,uit.quocnguyen.autoclicker,Auto Clicker
com.resetgame.zentabletennislite,Zen Table Tennis Lite,com.resetgame.zentabletennis,Zen Table Tennis
fr.lehovetzki.ABMathlite,Math games for kids - lite,fr.lehovetzki.ABMath,Math games for kids
air.com.mediadivision.sparkchessphonelite,SparkChess Lite,air.com.mediadivision.sparkchessphone,SparkChess Pro
com.sgn.secureguardotplite,SecureGuard OTP Lite,com.sgn.secureguardotp,SecureGuard OTP V2.0
com.eastudios.tongitslite,Tongits Lite,com.eastudios.tongits,Tongits Plus Offline Card Game
com.kitkats.qrscannerlite,QR Scanner - Lite,com.kitkats.qrscanner,QR & Barcode Scanner
com.webcloster.liquidalite,Liquida Carteras LITE,com.webcloster.liquida,Liquida PRO v2
com.coolideas.eproducts.etreeslite,eTrees of Southern Africa Lite,com.coolideas.eproducts.etrees,eTrees of Southern Africa
com.spritefish.fastburstcameralite,Fast Burst Camera Lite,com.spritefish.fastburstcamera,Fast Burst Camera
com.thiemeil.hourcalculatorlite,Hour Calculator Lite,com.thiemeil.hourcalculator,Hour Calculator
com.avecreation.drivingzoneoffroadlite,Driving Zone: Offroad Lite,com.avecreation.drivingzoneoffroad,Driving Zone: Offroad
dk.mochasoft.mochapinglite,Mocha Ping Lite,dk.mochasoft.mochaping,Mocha Ping
com.bddroid.android.liteafrikaans,Afrikaans Dictionary lite,com.bddroid.android.afrikaans,Afrikaans Dictionary Offline
com.bddroid.android.litemarathi,Marathi Dictionary Lite,com.bddroid.android.marathi,Marathi Dictionary Offline
com.discipleskies.android.mapgamelite,MAP GAME LITE,com.discipleskies.android.mapgame,MAP GAME
com.steelmanpro.chassisearlite,Bluetooth ChassisEAR Lite,com.steelmanpro.chassisear,Bluetooth ChassisEAR
com.fulminesoftware.flashlightlite,Flashlight Lite,com.fulminesoftware.flashlight,Flashlight
air.gd.sos.mcpixellite,McPixel Lite,air.gd.sos.mcpixel,McPixel
com.mbs.lite,My Best Studio Lite,com.mbs,
com.nsc.mathformulas.lite,Maths Formulas Lite,com.nsc.mathformulas,
de.topobyte.apps.offline.stadtplan.lite.koeln,Cologne Offline City Map Lite,de.topobyte.apps.offline.stadtplan.koeln,
com.eknathkadam.grammaruplite,Grammar Up Lite,com.eknathkadam.grammarup,
com.macrovideo.v380lite,V380 Lite,com.macrovideo.v380,
com.enli10it.edifybizlite,EdifyBiz Lite,com.enli10it.edifybiz,
com.tyo.lite.tygem,Tygem Go Lite,com.tyo.tygem,
com.webrich.tenseslite,Grammar Express : Tenses Lite,com.webrich.tenses,
in.ajaykhatri.agecalculatorlite,Age Calculator Lite,in.ajaykhatri.agecalculator,
com.opera.app.newslite,Opera News Lite,com.opera.app.news,Opera News
com.doslobos.mapfavslite,MapFavs Lite,com.doslobos.mapfavs,MapFavs
com.evancejaye.tatuamzukalite,TatuaMzuka Lite,com.evancejaye.tatuamzuka,TatuaMzuka
de.carlsen.conni.lernspass.mathe2lite,Connie Fun Learning M - LITE,de.carlsen.conni.lernspass.mathe2,Conni Mathe 2. Klasse
com.designsoftcr.tallermotolite,Taller Motos Lite,com.designsoftcr.tallermoto,Taller Motos
com.pensamientopositivo.holynumberslite,Holy Numbers Lite,com.pensamientopositivo.holynumbers,Sacred Numeric Codes using the Law of attraction
com.panagola.app.blueflite,Blue Light Filter Lite,com.panagola.app.bluef,Bluelight Filter
com.arent.myfirstdrawingslite,Learning to Draw is Fun LITE,com.arent.myfirstdrawings,Learning to draw is fun
com.ananratana.abeamlite,A-Beam Lite,com.ananratana.abeam,A-Beam
com.mototestlite,MotoDROID LITE,com.mototest,MotoDROID
com.redgates.todonotelite,ToDo Notes Lite,com.redgates.todonote,To Do Notes
at.nmi.fid.lite,Food and Symptoms Diary LITE,at.nmi.fid,Food and Symptoms Diary
com.arent.myfirstpuzzlestoyslite,First Kids Puzzles: Toys Lite,com.arent.myfirstpuzzlestoys,First Kids Puzzles: Toys
com.cygnus.profilewidgetlite,Profile Widget Lite,com.cygnus.profilewidget,Profile Widget
com.lowveld.ftllauncherlite,FTL Launcher Lite,com.lowveld.ftllauncher,FTL Launcher Pro
com.charrak.gpsnmealite,GPS Nmea Lite,com.charrak.gpsnmea,GPS Nmea
com.fieldezlite.mobile,FieldEZ Lite,com.fieldez.mobile,FieldEZ Field Service Manageme
com.insadco.groupringtonelite,Group Ringtone Lite,com.insadco.groupringtone,Group Ringtone
com.sys4web.android.irislite.emercor,Gestão de Cena Emer Lite,com.sys4web.android.iris.emercor,Gestão de Cena Emer
com.zhiliaoapp.musically.go,TikTok Lite,com.zhiliaoapp.musically,TikTok
com.samapp.excelsms.excelsmslite,SA Group Text Lite,com.samapp.excelsms.excelsmsfull,SA Group Text
com.apnatunnel.lite,APNA TUNNEL LITE,com.jm.apnatunnel,APNA TUNNEL
com.samapp.excelcontacts.excelcontactslite,SA Contacts Lite,com.samapp.excelcontacts.excelcontactsfull,SA Contacts
com.kaeriasarl.psslite,Plastic Surgery Simulator Lite,com.kaeriasarl.vps,Plastic Surgery Simulator
com.tinusapps.gpsarrowlite,GPS Arrow Navigator LITE,com.tinusapps.gpsarrowpro,GPS Arrow Navigator PRO
yukod.science.electronconfiglite,Electron Config Lite,yukod.science.electronconfiguration,Electron Config Pro
com.etmsoftware.blockr_lite,Blockr Lite,com.etmsoftware.blockr,Blockr
de.volzconsulting.earthworkslite,BPO Earthworks Lite,de.volzconsulting.bpoerdbau,BPO Earthworks
com.appestry.mail_merge_lite,Mail Merge Lite,com.appestry.mail_merge,Mail Merge
com.nsc.pf.free,Physics Formulas Lite,com.nsc.pf,Physics Formulas
com.crystallography.crystal3d.forms.lite,3D Crystal Forms Lite,com.crystallography.crystal3d.forms.pro,3D Crystal Forms Pro
com.tmsoft.whitenoise.lite,White Noise Lite,com.tmsoft.whitenoise.full,White Noise
com.flavionet.android.camera.lite,Camera FV-5 Lite,com.flavionet.android.camera.pro,Camera FV-5
com.flavionet.android.cinema.lite,Cinema FV-5 Lite,com.flavionet.android.cinema.pro,Cinema FV-5
zok.android.phonics,Kids Learn Letter Sounds Lite,com.intellijoy.android.phonics,Kids Learn Letter Sounds
com.duranno.app,생명의삶 Lite,com.duranno.lifeQT,생명의삶
com.iridium.lite_v100,i3 lite,com.iridium.i3pro_v200,i3 pro
com.necdesign.elec111lite,Electrc NEC Calcs Lite,com.necdesign.electrcneccalcspro,Electrc NEC Calcs Pro
com.jrummy.liberty.toolbox,ROM Toolbox Lite,com.jrummy.liberty.toolboxpro,ROM Toolbox Pro
com.ledblinker,LED Blinker Notifications Lite,com.ledblinker.pro,LED Blinker Notifications Pro
com.segasvd.WeaponFieldStripLite,Weapon stripping Lite,com.segasvd.WeaponFieldStrip,Weapon stripping
com.kisionlab.bettafish3d.free,Betta Fish 3D Lite,com.kisionlab.bettafish3d,Betta Fish 3D Pro
com.appreiz.lite.android,Appreiz Lite,com.appriez.android,Appreiz
umito.android.minipiano,Mini Piano Lite,umito.android.minipiano_pro,Mini Piano Pro
zok.android.numbers,Kids Numbers and Math Lite,com.anahoret.android.numbers,Kids Numbers and Math
org.androidworks.livewallpaperrosefree,3D Rose Live Wallpaper Lite,org.androidworks.livewallpaperrose,3D Rose Live Wallpaper
softhvac.hvac.calculator.lite,HVAC Calculator Lite,softhvac.hvac.calculator.pro,HVAC Calculator Pro
com.fruitmobile.app.backuplite_new,App Backup Lite,com.fruitmobile.app.backup,App BackUp
net.braun_home.sensorrecording.lite,Sensor Recording Lite,net.braun_home.sensorrecording.pro,Sensor Recording Pro
com.teazel.crossword.lite,Crossword Lite,com.teazel.crossword.full,Crossword
net.fhlite,Fh Lite,net.fhpl,Fhpl Sparrow
com.haiderart.qrbarcodelitescanner,QR BarCode Scanner Lite,com.haiderart.qrbarcodeproscanner,Qr BarCode Scanner & Generator
shareit.lite,SHAREit Lite,com.lenovo.anyshare.gps,SHAREit: Transfer
au.com.fabtronics.connectlite,Halo Lite,au.com.fabtronics.halochlorgo,Halo Chlor GO
com.grill.droidjoy_demo,DroidJoy Lite,com.grill.droidjoy,DroidJoy: Gamepad Joystick
net.turnkeytrading.prometheus_lite,Prometheus Lite,net.turnkeytrading.prometheus.tracker,Prometheus Tracker
bd.com.robi.myairtellite,My Airtel Lite,net.omobio.airtelsc,My Airtel - Bangladesh
com.fahrschule.de,Fahrschule.de Lite,com.fahrschule.de.full,Fahrschule.de 2024
eon.eurotracker.lite,Euro Lite,com.eoninfotech.eurotrack,EuroTracker
wave.free.paperworld.wallpaper,Wave lite,wave.paperworld.wallpaper,Wave Live Wallpaper
mvpm.minerals.and.rocks,Geology Toolkit Lite,com.geology.handbook.of.rocks.lite,Handbook of Rocks
com.t11.skyviewfree,SkyView® Lite,com.t11.skyview,SkyView® Explore the Universe
com.derekr.NoteCam,NoteCam Lite,com.derekr.NoteCamPro,NoteCam Pro - photo with notes
com.hegodev.kidspellit_lite,Spelling Practice lite,com.hegodev.kidspellit,Kids Spelling Practice
com.gcprojects.turnidilavorolite,Work Shifts LITE,com.gcprojects.workshifts,Work Shifts
com.justdial.jdlite,JD Lite,com.justdial.search,JD -Search Shop Travel B2B
com.versionsoft.afghansimlite,Afghan SimCard Lite,com.versionsoft.afghansimservices,Afghan SimCard 1402
com.cmgmobilsoft.ElifBaLite,ElifBa Lite,com.cmgmobilsoft.QuranLearn,ElifBa Pro
org.rrl.android.solitairecollectionlite,Solitaire Collection Lite,org.rrl.android.solitairecollectiondeluxe,Solitaire Collection Premium
lite.cryptotab.android,CryptoTab Lite,pro.ctvpn.android,CryptoTab VPN Pro
com.appmax.applock,AppLock Lite,com.samarendra.applock,AppLock - Fingerprint Lock
com.mqi.quranlite,Quran Lite,com.irfan_ul_quran.android,Irfan-ul-Quran
com.portable.LANmote.Lite,LANmote Lite,com.portable.LANmote.Deluxe,LANmote Deluxe
com.expertoption.twa,ExpertOption Lite,com.expertoption,ExpertOption - Mobile Trading
gpaw.projects.space.asteroidwatchLite,Asteroid Watch Lite,gpaw.projects.space.asteroidwatch,Asteroid Watch
net.actionflow.Lite1,ActionFlow Lite,net.actionflow.paperless,ActionFlow Paperless
davideinzaghi.Disabilita_Spegnimento_Schermo_Lite,Keep screen on LITE,davideinzaghi.Disabilita_Spegnimento_Schermo_PRO,Keep screen on
jp.co.kingjim.TEPRALite,TEPRA Lite,jp.co.kingjim.tepralink,TEPRA LINK
air.it.palaferri.fishpointsamerigoLite,Marine Navigation Lite,air.it.palaferri.fishpointsamerigo,Marine Navigation
com.speedict.neptune.lite,Speedict Neptune Lite,com.speedict.neptune20,Speedict Neptune 20
lpcounterlite.com.lpcounterlite,Lp Counter YuGiOh Lite,com.lpcounterfree,Lp Counter
com.uvigo.gti.PictoDroidLite,PictoDroid Lite,es.uvigo.gti.PictoDroidMed,PictoDroid Med
com.servicecrmlite,Service CRM Lite,com.smartlogics,Service CRM
com.Turbo3.Leaf_Spy_Lite,Leaf Spy Lite,com.Turbo3.Leaf_Spy_Pro,Leaf Spy Pro
com.dinamalar.dinamalarlite,Dinamalar Lite,com.softcraft.dinamalar,Dinamalar : Tamil Daily News
com.vinforlabteam.vmodlite,Vmod Lite,com.vinforlabteam.vmod,Vmod
com.pelagicnet.diverlog.android.lite,DiverLog Lite,com.pelagicnet.diverlogplus,DiverLog+
com.kewitschka.screendrawlite,Screen Draw Screenshot Lite,com.kewitschka.screendraw,Screen Draw Screenshot Pro
mnm.lite.lingoquiz,Lingo Quiz Lite,mnm.lingoquiz,Lingo Quiz
com.existon.gpscompasslite,GPS Compass Speedometer Lite,com.existon.gpscompasspro,GPS Compass Speedometer
lite.newsbreak,NewsBreak Lite,com.particlenews.newsbreak,NewsBreak: Local News & Alerts
com.speedict.neptune20lite,Speedict Neptune 20 Lite,com.speedict.neptune20,Speedict Neptune 20
com.jlsite.eurocoinlite,My Euros Lite,com.jlsite.android,My Euros
pl.interlan.ltl.mspeed.lite,interLAN mSPEED Lite,pl.interlan.ltl.mspeed.ltl,interLAN mSPEED LTL
com.orat.arcardlite,ORAT AR APP CARD Lite,com.orat.arcardliteEng,ORAT AR APP CARD(EN)
au.poppygames.traintrackslite,Train Tracks Lite,au.poppygames.traintracks2,Train Tracks 2
com.siemens.smartclient_lite,Sm@rtClient Lite,com.siemens.smartclient,Sm@rtClient
com.pristineusa.android.speechtotextlite,EZ Notes Lite,com.pristineusa.android.speechtotext,EZ Notes Taking & Voice Notes
com.gpslite,GPSVTS LITE,com.gpsvts,GPSVTS
com.hb.econnectlite,e-Connect Lite,com.hb.econnect,e-Connect
com.tecnosoft.tempnfclite,Temp NFC Lite,com.tecnosoft.tempnfcent,Temp NFC Ent
com.jlsite.eurocommemorativelite,My 2Euros Lite,com.jlsite.eurocommemorative,My 2Euros
com.designsbyjw.ehsmobilelite,EHS Mobile Sports Lite,com.designsbyjw.ehsmobilepaid,EHS Mobile Sports
com.conjoinix.xssecure.xts.lite,XSSecure-XTS Lite,com.conjoinix.xssecure,XSSecure-XTS Tracking System
com.mobileone.mforcelite,mForce Lite,com.mobileone.mforce,mForce Enterprise
com.manomotion.sdklitestore,ManoMotion Tech Lite,com.manomotion.techPro,ManoMotion Tech PRO
com.ghostpattern.gwlite,GW Lite,com.ghostpattern.gwmail,GW Mail
com.lkmad.Panmorphialite,Panmorphia LITE,com.lkmad.Panmorphia,Panmorphia
com.poomgames.catforestlite,Cat Forest Lite,com.poomgames.catforest,Cat Forest - Healing Camp
com.vts.consistracklite.vts,CONSISTRACK LITE,com.vts.consistrack.vts,CONSISTRACK
ca.handheldcontact.hhclite,Handheld Contact Lite,ca.handheldcontact.hhc4webapi,Handheld Contact API
com.bubblergps.bubbler.lite,Bubbler GPS Lite,com.bubblergps.bubbler.dev,Bubbler GPS NEW
com.calamus.easyenglishlite,English for Myanmar lite,com.qanda.learnroom,English for myanmar
com.mobilityone.onepayLite,OnePay Lite,com.mobilityone.onepay,OnePay
b4a.firstoffthetube_lite,First Off The Tube Lite,b4a.firstoffthetube,First Off The Tube - ExitFindr
com.orane.icliniqlite,iCliniq Lite,com.orane.icliniqconnect,iCliniq - Connect
com.BroodMinder.BroodMinderLite,BROODMINDER Lite,com.broodminder.Apiary,BroodMinder Apiary
com.viettel.mbccs.natcomlite,mBccs Haiti Lite,com.viettel.mbccs.hat,mBccs Haiti
com.uptodown.lite,Uptodown Lite,com.uptodown.installer,APK Installer by Uptodown
com.appware.icarelite,iCare Lite,com.icare.kids,iCare Kids
com.facebook.mlite,Messenger Lite,com.facebook.orca,Messenger
com.game.wyr_lite,Would you rather Lite,com.game.wyr_full,Would You Rather? questions
de.GefahrenGutFree.mclang,Dangerous Goods ADR 2023 Lite,de.GefahrenGut.mclang,Dangerous Goods ADR 2023 Pro
cz.windguru.wgapp,Windguru Lite,cz.windguru.wgappold,Windguru Old
com.rcreations.ipcamviewer,IP Cam Viewer Lite,com.rcreations.WebCamViewerPaid,IP Cam Viewer Pro
com.bezapps.flowdiademo,Flowdia Diagrams Lite,com.bezapps.flowdia,Flowdia Diagrams
cat.minkusoft.parxis,Board Games Lite,cat.minkusoft.jocstauler,Board Games
com.franco.agenda.free,Calendar Widget by Home Agenda Lite,com.franco.agenda,Calendar Widget by Home Agenda
com.elatemedia.skischool.lite,Ski School Lite,com.elatemedia.skischool,Ski School
com.mediaingea.uptodown.lite,Uptodown Lite,com.uptodown.installer,APK Installer by Uptodown
com.flufflydelusions.app.enotesclassiclite,Classic Notes Lite - Notepad,com.flufflydelusions.app.enotesclassic,Classic Notes Pro - Notepad
sweet.selfie.lite,"Sweet Selfie Lite - Selfie Camera, Take A Selfie",best.sweet.selfie,Sweet Camera: Sweet selfie cam
com.phone.launcher.lite,"U Launcher Lite-New 3D Launcher 2019, Hide apps",com.phone.launcher.android,U Launcher 3D:3d themes
com.scanbizcards,ScanBizCards Lite - Scan Card,com.scanbizcards.key,ScanBizCards Premium
com.simplestairs.stairscalculator,Stairs-X Lite - Stairs Calculator,com.simplestairs.prostairscalculator,Stairs-X Pro Stairs Calculator
eriegel.skiapp.lite,SkiApp LITE - THE Ski Computer,eriegel.skiapp.pro,SkiApp PRO - THE Ski Computer
com.parallel.space.lite,Parallel Space Lite-Dual App,com.parallel.space.pro.arm32,Parallel Space Pro 32 Support
com.sbi.SBIFreedomPlus,Yono Lite SBI - Mobile Banking,com.sbi.lotusintouch,YONO SBI: Banking & Lifestyle
com.lensesdev.manual.camera.professional,Manual Camera Lite: DSLR Camera Professional,com.lensesdev.manual.camera.pro,Manual Camera: DSLR Camera Pro
org.mozilla.rocket,Firefox Lite - Fast and Lightweight Web Browser,org.mozilla.firefox,Firefox Fast & Private Browser
org.prowl.torquefree,Torque Lite (OBD2 & Car),org.prowl.torquewidget,Widgets for Torque (OBD / Car)
hu.tagsoft.ttorrent.lite,tTorrent Lite - Torrent Client,hu.tagsoft.ttorrent.noads,tTorrent
com.panagola.app.playlite,Play Lite for YouTube,com.panagola.app.iplay,iPlay VR Player SBS 3D Video
com.ludashi.superboost,Dual Space Lite - Multiple Accounts & Clone App,com.ludashi.dualspace,Dual Space - Multiple Accounts
com.ImageInsightInc.GammaPixLite,GammaPix Lite - Gamma Radiation Detector,com.ImageInsightInc.GammaPixSim,GammaPix Training Simulator
com.lcs.mmp.lite,Manage My Pain Lite,com.lcs.mmp.full,Manage My Pain Pro
com.nom.obdiicodesdemo,OBDII Trouble Codes Lite,com.nom.obdiicodes,OBDII Trouble Codes
com.addev.beenlovememory.lite,Been Love Memory (Lite),com.addev.beenlovememory,Been Love Memory -Love Counter
com.daaw.avee.lite,Avee Music Player (Lite),com.daaw.avee,Avee Music Player (Pro)
com.google.android.gm.lite,Gmail Go,com.google.android.gm,Gmail
com.intellijoy.counting.lite,Kids Learn to Count 123 (Lite),com.intellijoy.counting,Kids Learn to Count 123
com.intellijoy.math.firstgrade.wp.lite,First Grade Math (Lite),com.intellijoy.math.firstgrade.wp,First Grade Math Word Problems
com.intellijoy.tapandcolor.lite,Kids Tap and Color (Lite),com.intellijoy.tapandcolor,Kids Tap and Color
com.intellijoy.tellingtime.lite,Kids Telling Time (Lite),com.intellijoy.tellingtime,Kids Telling Time
com.joaomgcd.autoremote.lite,AutoRemoteLite,com.joaomgcd.autoremote,AutoRemote
com.joaomgcd.barcode.lite,AutoBarcodeLite,com.joaomgcd.barcode,AutoBarcode
com.missingames.kids.painting.lite,Kids Painting (Lite),com.missingames.kids.painting,Kids Painting
com.missingames.kidsmusic.lite,Kids Music (Lite),com.missingames.kidsmusic,Kids Learn about Music
com.pearmobile.pearbible.bbe.lite,Bible in Basic English (BBE),com.pearmobile.pearbible.bbe,Bible in Basic English (BBE) P
com.softmedia.receiver.lite,AirReceiverLite,com.softmedia.receiver,AirReceiver AirPlay Cast DLNA
com.twitter.android.lite,Twitter Lite for Android,com.twitter.android,X
de.afischer.aftrack.lite,AFTrack-Lite - GPS Tracking,de.afischer.aftrack,AFTrack - GPS Tracking
es.jma.app.user.lite,JMARemoteSlim,es.jma.app.user,JmaRemotesUser
it.errebi.app.user.lite,ErrebiRemoteSlim,it.errebi.app.user,ErrebiRemotesUser
yo.a6weekschallenge.lite,6 Weeks Workouts Challenge Fre,yo.a6weekschallenge,6 Weeks Challenge
com.greenrift.wordmixlite,Word Mix Lite ™,com.greenrift.wordmix,Word Mix ™
fr.tokata.cozmic_zoom.lite,Cozmic Zoom Lite,fr.tokata.cozmic_zoom.full,Cozmic Zoom
com.mobilexsoft.ezanvaktilite,"Azan Time Lite, Qiblah,Ramadan",com.mobilexsoft.ezanvakti.ringtonemodule,Ringtone Module Azan Time Pro
soracorp.brainlite,Brain Challenge Lite,soracorp.brain,Brain Challenge
com.hal9000.slidemytiles_lite,SlideMyTiles! Lite,com.hal9000.slidemytiles,SlideMyTiles!
com.softeight.android.dictadroid.lite,Dictadroid Lite - Voice Record,com.softeight.android.dictadroid.full,Dictadroid - Voice Recorder
apsoft.apmemolite,apMemo Lite - Graphic Notepad,apsoft.apmemo,apMemo - Quick Notes
com.technosap.dxmath.lite,dxMath Lite - Math Keyboard,com.technosap.dxmath.pro,dxMath Pro - Math Keyboard
vn.wegame.lichvietlite,Lịch VN Lite - Lich Van Nien,vn.wegame.lichviet,Lịch VN - Lịch Vạn Niên 2025
com.kohei.android.pcmrecorderlite,PCM Recorder Lite,com.kohei.android.pcmrecorder,PCM Recorder
chois.xpointer.lite,X-pointer Lite,com.xpointer.overlaytest,X-Pointer(beta)
com.redlagoon.writesongslite,Write Songs Lite: Songwriting,com.redlagoon.sweetsixteenz,Write Songs Songwriting Lyrics
com.aevumobscurum.androidlite,Age of Conquest LITE,com.ageofconquest.app.user.aoc,Age of Conquest IV
com.ss.android.ugc.aweme.lite,,com.ss.android.ugc.aweme,
com.baidu.searchbox.lite,,com.baidu.searchbox,
com.kuaishou.nebula,,com.smile.gifmaker,
com.ss.android.article.lite,,com.ss.android.article.news,
com.sina.weibolite,,com.sina.weibo,
